{
    "EDV": {
        "mean": 508.8,
        "var": 521.7801
    },
    "ESV": {
        "mean": 154.6,
        "var": 273.2409
    },
    "ET": {
        "mean": 51.21,
        "var": 3.43
    },
    "IVRT": {
        "mean": 20.55,
        "var": 3.43
    },
    "PeakP": {
        "mean": 16.66,
        "var": 1.040229
    },
    "maxdP": {
        "mean": 1.144473,
        "var": 0.063253
    },
    "mindP": {
        "mean": -0.998598,
        "var": 0.053611
    }
}